{"_wandb": {"runtime": 38}, "train/box_loss": 2.02677, "train/cls_loss": 3.47592, "train/dfl_loss": 1.67775, "_timestamp": 1710863625.4350073, "lr/pg0": 0.0004074074074074074, "lr/pg1": 0.0004074074074074074, "lr/pg2": 0.0004074074074074074, "_runtime": 27.601277351379395, "_step": 1}