{"train/box_loss": 1.42886, "train/cls_loss": 1.10236, "train/dfl_loss": 1.22221, "_timestamp": 1710791181.1100776, "lr/pg0": 0.0004161574074074074, "lr/pg1": 0.0004161574074074074, "lr/pg2": 0.0004161574074074074, "metrics/precision(B)": 0.64367, "metrics/recall(B)": 0.67342, "metrics/mAP50(B)": 0.6834, "metrics/mAP50-95(B)": 0.41656, "val/box_loss": 1.34879, "val/cls_loss": 1.04068, "val/dfl_loss": 1.22517, "labels": {"_type": "image-file", "sha256": "1f0825e1540797e256c67ce784f6e491062e5c97a859b8ab172c8710292b4285", "size": 144420, "path": "media/images/labels_1_1f0825e1540797e256c6.jpg", "format": "jpg", "width": 1600, "height": 1600}, "train_batch0": {"_type": "image-file", "sha256": "b45076128af4d626fca5519959427cc6eed0abb8c456ec82ff9c04f8c71f4916", "size": 1097988, "path": "media/images/train_batch0_1_b45076128af4d626fca5.jpg", "format": "jpg", "width": 1920, "height": 1920}, "train_batch1": {"_type": "image-file", "sha256": "c3c44bbd7c3a520b65bcf5952d5a2b1d7d5e3cc2292fbd5c73d9c687ebe3f9c6", "size": 1111816, "path": "media/images/train_batch1_1_c3c44bbd7c3a520b65bc.jpg", "format": "jpg", "width": 1920, "height": 1920}, "train_batch2": {"_type": "image-file", "sha256": "107f85f3ff0c9d8bc3ab25fde50cfc246a565cb9b4d973b05beb88523d2980eb", "size": 1143249, "path": "media/images/train_batch2_1_107f85f3ff0c9d8bc3ab.jpg", "format": "jpg", "width": 1920, "height": 1920}, "model/parameters": 11137148, "model/GFLOPs": 28.653, "model/speed_PyTorch(ms)": 4.411, "_runtime": 122.96785354614258, "_step": 2, "_wandb": {"runtime": 134}}