{"train/box_loss": 1.27763, "train/cls_loss": 0.87491, "train/dfl_loss": 1.11718, "_timestamp": 1710789689.1358833, "lr/pg0": 0.0011200625, "lr/pg1": 0.0011200625, "lr/pg2": 0.0011200625, "metrics/precision(B)": 0.70556, "metrics/recall(B)": 0.72268, "metrics/mAP50(B)": 0.75449, "metrics/mAP50-95(B)": 0.47691, "val/box_loss": 1.26193, "val/cls_loss": 0.87623, "val/dfl_loss": 1.13726, "labels": {"_type": "image-file", "sha256": "1f0825e1540797e256c67ce784f6e491062e5c97a859b8ab172c8710292b4285", "size": 144420, "path": "media/images/labels_1_1f0825e1540797e256c6.jpg", "format": "jpg", "width": 1600, "height": 1600}, "train_batch0": {"_type": "image-file", "sha256": "b45076128af4d626fca5519959427cc6eed0abb8c456ec82ff9c04f8c71f4916", "size": 1097988, "path": "media/images/train_batch0_1_b45076128af4d626fca5.jpg", "format": "jpg", "width": 1920, "height": 1920}, "train_batch1": {"_type": "image-file", "sha256": "c3c44bbd7c3a520b65bcf5952d5a2b1d7d5e3cc2292fbd5c73d9c687ebe3f9c6", "size": 1111816, "path": "media/images/train_batch1_1_c3c44bbd7c3a520b65bc.jpg", "format": "jpg", "width": 1920, "height": 1920}, "train_batch2": {"_type": "image-file", "sha256": "107f85f3ff0c9d8bc3ab25fde50cfc246a565cb9b4d973b05beb88523d2980eb", "size": 1143249, "path": "media/images/train_batch2_1_107f85f3ff0c9d8bc3ab.jpg", "format": "jpg", "width": 1920, "height": 1920}, "model/parameters": 3011628, "model/GFLOPs": 8.197, "model/speed_PyTorch(ms)": 2.211, "_runtime": 250.7576403617859, "_step": 23, "_wandb": {"runtime": 257}}